generation,population,new_evaluations,pareto_size,best_params,best_synflow_objective,best_log_synflow,unique_evaluated_total,seconds
0,10,10,5,1785009,0.012119867990888464,81.5091495016105,10,35.34
1,10,10,4,1785009,0.012119867990888464,81.5091495016105,20,29.29
2,10,10,5,1345873,0.01187624971768039,83.20166498446743,30,38.34
3,10,10,9,1180833,0.01159298530308359,85.25905872010486,40,27.93
4,10,10,9,1180833,0.01159298530308359,85.25905872010486,50,35.23
5,10,10,10,1180833,0.011424608032414232,86.53035527895318,60,42.8
6,10,10,10,1082137,0.011424608032414232,86.53035527895318,70,28.78
7,10,10,9,1082137,0.011424608032414232,86.53035527895318,80,32.03
8,10,9,8,1082137,0.011424608032414232,86.53035527895318,89,28.05
9,10,10,10,1036249,0.011424608032414232,86.53035527895318,99,36.99
10,10,10,10,1036249,0.011424608032414232,86.53035527895318,109,27.01
