front_index,chromosome,blocks,params,synflow_raw,synflow_log,f1_params,f2_synflow,pareto_rank
1,"[4, 4, 0, 0, 4, 4, 4, 1]",DRT-DRT-RES-RES | DRT-DRT-DRT-DEN,1036249,5.079047664544387e+30,70.70267656622813,1036249.0,0.013946480771556004,0
2,"[2, 4, 0, 0, 4, 4, 3, 3]",INC-DRT-RES-RES | DRT-DRT-CNX-CNX,1105241,4.390445363569572e+31,72.85956855431711,1105241.0,0.01353920716805419,0
3,"[4, 2, 4, 0, 4, 0, 2, 3]",DRT-INC-DRT-RES | DRT-RES-INC-CNX,1406481,1.3720369366862836e+32,73.99901942653378,1406481.0,0.013333507659784305,0
4,"[4, 2, 4, 0, 4, 3, 2, 3]",DRT-INC-DRT-RES | DRT-CNX-INC-CNX,1539601,8.642802593604792e+33,78.14203497328133,1539601.0,0.01263551032441362,0
5,"[4, 2, 4, 0, 4, 3, 3, 3]",DRT-INC-DRT-RES | DRT-CNX-CNX-CNX,1555473,2.5330304456774575e+34,79.21730955235697,1555473.0,0.012466137365867536,0
6,"[3, 4, 4, 4, 4, 4, 2, 3]",CNX-DRT-DRT-DRT | DRT-DRT-INC-CNX,2079865,7.025671776751676e+34,80.2374639990293,2079865.0,0.012309591545249972,0
7,"[3, 3, 4, 2, 4, 4, 2, 3]",CNX-CNX-DRT-INC | DRT-DRT-INC-CNX,2521225,2.187439945210409e+35,81.37321014004627,2521225.0,0.012139869240252463,0
8,"[3, 3, 4, 2, 4, 3, 2, 3]",CNX-CNX-DRT-INC | DRT-CNX-INC-CNX,2758905,1.4881247127291993e+36,83.2905800930025,2758905.0,0.011863721887981363,0
9,"[3, 3, 4, 2, 2, 3, 2, 3]",CNX-CNX-DRT-INC | INC-CNX-INC-CNX,3460569,8.059825472249944e+36,84.97995525050274,3460569.0,0.01163061782349733,0
10,"[4, 3, 3, 2, 2, 3, 3, 3]",DRT-CNX-CNX-INC | INC-CNX-CNX-CNX,3783825,3.798882095944087e+37,86.53035527895318,3783825.0,0.011424608032414232,0
