generation,chromosome,blocks,params,synflow_raw,synflow_log,f1_params,f2_synflow,pareto_rank,crowding_distance,nondominated
0,"[2, 3, 3, 4, 0, 2, 2, 3]",INC-CNX-CNX-DRT | RES-INC-INC-CNX,3070009,2.19230478764241e+34,79.0728465666747,3070009.0,0.012488628079024573,0,0.5359610418477333,True
0,"[4, 3, 3, 0, 4, 0, 1, 2]",DRT-CNX-CNX-RES | DRT-RES-DEN-INC,1785009,4.169883848498017e+31,72.80802606416098,1785009.0,0.013548662026683988,0,inf,True
0,"[0, 2, 2, 4, 2, 2, 4, 1]",RES-INC-INC-DRT | INC-INC-DRT-DEN,2990497,2.664395261008382e+33,76.96528518172512,2990497.0,0.01282622128129402,0,0.422255997901221,True
0,"[1, 4, 2, 1, 3, 3, 0, 2]",DEN-DRT-INC-DEN | CNX-CNX-RES-INC,2570537,7.3594690220856335e+31,73.37612566921536,2570537.0,0.013445174657893008,0,0.4640389581522667,True
0,"[0, 2, 2, 3, 3, 3, 2, 3]",RES-INC-INC-CNX | CNX-CNX-INC-CNX,4638585,2.5059583765503112e+35,81.5091495016105,4638585.0,0.012119867990888464,0,inf,True
0,"[0, 2, 2, 2, 0, 3, 4, 3]",RES-INC-INC-INC | RES-CNX-DRT-CNX,3125313,1.5644014245247572e+33,76.43281134329088,3125313.0,0.01291442196986232,1,inf,False
0,"[2, 3, 4, 2, 1, 2, 4, 0]",INC-CNX-DRT-INC | DEN-INC-DRT-RES,3077025,5.088804634252861e+32,75.30976593286846,3077025.0,0.013104482601607298,1,1.0,False
0,"[3, 0, 4, 4, 4, 0, 1, 1]",CNX-RES-DRT-DRT | DRT-RES-DEN-DEN,2125849,1.5291416502257603e+31,71.80484444786879,2125849.0,0.01373534972272402,1,inf,False
0,"[3, 4, 1, 1, 3, 0, 3, 0]",CNX-DRT-DEN-DEN | CNX-RES-CNX-RES,2237225,2.521529999055664e+30,70.00241864959068,2237225.0,0.014084027263003172,2,inf,False
0,"[3, 3, 0, 0, 3, 1, 1, 2]",CNX-CNX-RES-RES | CNX-DEN-DEN-INC,2242169,7.720108168230814e+30,71.12138116518875,2242169.0,0.013865513719289057,2,inf,False
1,"[4, 3, 3, 0, 4, 0, 1, 2]",DRT-CNX-CNX-RES | DRT-RES-DEN-INC,1785009,4.169883848498017e+31,72.80802606416098,1785009.0,0.013548662026683988,0,inf,True
1,"[0, 2, 2, 3, 3, 3, 2, 3]",RES-INC-INC-CNX | CNX-CNX-INC-CNX,4638585,2.5059583765503112e+35,81.5091495016105,4638585.0,0.012119867990888464,0,inf,True
1,"[3, 0, 4, 4, 4, 0, 3, 1]",CNX-RES-DRT-DRT | DRT-RES-CNX-DEN,2148953,2.075994359612409e+32,74.4131632241597,2148953.0,0.013260284507992041,0,0.6027875470913511,True
1,"[4, 2, 2, 2, 4, 3, 1, 2]",DRT-INC-INC-INC | DRT-CNX-DEN-INC,2755249,6.917387841462233e+34,80.2219313806063,2755249.0,0.012311945591566837,0,0.835313783531467,True
1,"[2, 3, 3, 4, 0, 2, 2, 3]",INC-CNX-CNX-DRT | RES-INC-INC-CNX,3070009,2.19230478764241e+34,79.0728465666747,3070009.0,0.012488628079024573,1,inf,False
1,"[0, 2, 2, 4, 2, 2, 4, 1]",RES-INC-INC-DRT | INC-INC-DRT-DEN,2990497,2.664395261008382e+33,76.96528518172512,2990497.0,0.01282622128129402,1,0.5702498965156247,False
1,"[1, 4, 2, 1, 3, 3, 0, 2]",DEN-DRT-INC-DEN | CNX-CNX-RES-INC,2570537,7.3594690220856335e+31,73.37612566921536,2570537.0,0.013445174657893008,1,0.5358353461359587,False
1,"[3, 0, 4, 4, 4, 0, 1, 1]",CNX-RES-DRT-DRT | DRT-RES-DEN-DEN,2125849,1.5291416502257603e+31,71.80484444786879,2125849.0,0.01373534972272402,1,0.3019133915816924,False
1,"[3, 3, 0, 1, 0, 2, 2, 3]",CNX-CNX-RES-DEN | RES-INC-INC-CNX,1829625,1.1759927741445942e+31,71.54225058783811,1829625.0,0.013785069968144227,1,inf,False
1,"[0, 2, 2, 4, 4, 0, 1, 3]",RES-INC-INC-DRT | DRT-RES-DEN-CNX,2256665,7.222035072479738e+31,73.35727466199782,2256665.0,0.013448583269702264,1,0.2911662649677399,False
2,"[4, 2, 2, 2, 4, 3, 1, 2]",DRT-INC-INC-INC | DRT-CNX-DEN-INC,2755249,6.917387841462233e+34,80.2219313806063,2755249.0,0.012311945591566837,0,0.2210711459638472,True
2,"[4, 2, 2, 0, 4, 0, 2, 3]",DRT-INC-INC-RES | DRT-RES-INC-CNX,1497009,2.2009414362236774e+32,74.47160817019592,1497009.0,0.013250015790638796,0,0.7789288540361528,True
2,"[4, 2, 3, 2, 4, 3, 2, 3]",DRT-INC-CNX-INC | DRT-CNX-INC-CNX,3005361,1.3615198828786494e+36,83.20166498446743,3005361.0,0.01187624971768039,0,inf,True
2,"[4, 0, 4, 0, 4, 0, 3, 2]",DRT-RES-DRT-RES | DRT-RES-CNX-INC,1345873,5.477812311116948e+30,70.77825859777462,1345873.0,0.013931795219548604,0,inf,True
2,"[0, 4, 2, 2, 4, 3, 2, 3]",RES-DRT-INC-INC | DRT-CNX-INC-CNX,2730953,2.8991197322585215e+34,79.3523003121117,2730953.0,0.012445194426490707,0,0.6072852341798041,True
2,"[4, 3, 3, 0, 4, 0, 1, 2]",DRT-CNX-CNX-RES | DRT-RES-DEN-INC,1785009,4.169883848498017e+31,72.80802606416098,1785009.0,0.013548662026683988,1,inf,False
2,"[4, 2, 2, 3, 3, 3, 1, 2]",DRT-INC-INC-CNX | CNX-CNX-DEN-INC,4639633,4.645193057859514e+35,82.12631118870382,4639633.0,0.012029885432181812,1,inf,False
2,"[2, 3, 3, 4, 0, 2, 2, 3]",INC-CNX-CNX-DRT | RES-INC-INC-CNX,3070009,2.19230478764241e+34,79.0728465666747,3070009.0,0.012488628079024573,1,0.5212101125524411,False
2,"[0, 2, 2, 3, 3, 3, 2, 3]",RES-INC-INC-CNX | CNX-CNX-INC-CNX,4638585,2.5059583765503112e+35,81.5091495016105,4638585.0,0.012119867990888464,1,0.4259503165166025,False
2,"[3, 0, 4, 4, 4, 0, 3, 1]",CNX-RES-DRT-DRT | DRT-RES-CNX-DEN,2148953,2.075994359612409e+32,74.4131632241597,2148953.0,0.013260284507992041,1,0.34982419971237183,False
3,"[4, 2, 2, 2, 4, 3, 1, 2]",DRT-INC-INC-INC | DRT-CNX-DEN-INC,2755249,6.917387841462233e+34,80.2219313806063,2755249.0,0.012311945591566837,0,0.1620018482115646,True
3,"[4, 2, 2, 0, 4, 0, 2, 3]",DRT-INC-INC-RES | DRT-RES-INC-CNX,1497009,2.2009414362236774e+32,74.47160817019592,1497009.0,0.013250015790638796,0,0.21696125529655733,True
3,"[4, 2, 3, 2, 4, 3, 2, 3]",DRT-INC-CNX-INC | DRT-CNX-INC-CNX,3005361,1.3615198828786494e+36,83.20166498446743,3005361.0,0.01187624971768039,0,0.3350758479868038,True
3,"[4, 0, 4, 0, 4, 0, 3, 2]",DRT-RES-DRT-RES | DRT-RES-CNX-INC,1345873,5.477812311116948e+30,70.77825859777462,1345873.0,0.013931795219548604,0,0.20933499353321464,True
3,"[0, 4, 2, 2, 4, 3, 2, 3]",RES-DRT-INC-INC | DRT-CNX-INC-CNX,2730953,2.8991197322585215e+34,79.3523003121117,2730953.0,0.012445194426490707,0,0.23862790318342425,True
3,"[4, 0, 4, 0, 2, 3, 3, 2]",DRT-RES-DRT-RES | INC-CNX-CNX-INC,2180657,1.062952924852369e+33,76.04635888200148,2180657.0,0.012979198686488561,0,0.39189482013394283,True
3,"[4, 3, 3, 2, 2, 3, 3, 2]",DRT-CNX-CNX-INC | INC-CNX-CNX-INC,3779537,1.0654638873739642e+37,85.25905872010486,3779537.0,0.01159298530308359,0,inf,True
3,"[4, 4, 0, 0, 4, 0, 1, 3]",DRT-DRT-RES-RES | DRT-RES-DEN-CNX,1180833,1.4265375428206836e+30,69.43280299928225,1180833.0,0.014197929905049932,0,inf,True
3,"[4, 2, 4, 0, 4, 0, 2, 3]",DRT-INC-DRT-RES | DRT-RES-INC-CNX,1406481,1.3720369366862836e+32,73.99901942653378,1406481.0,0.013333507659784305,0,0.15994166835360474,True
3,"[4, 0, 2, 0, 4, 0, 3, 2]",DRT-RES-INC-RES | DRT-RES-CNX-INC,1436401,5.106916514518688e+30,70.70814859008847,1436401.0,0.013945416520462507,1,inf,False
4,"[4, 2, 2, 0, 4, 0, 2, 3]",DRT-INC-INC-RES | DRT-RES-INC-CNX,1497009,2.2009414362236774e+32,74.47160817019592,1497009.0,0.013250015790638796,0,0.21696125529655733,True
4,"[4, 2, 3, 2, 4, 3, 2, 3]",DRT-INC-CNX-INC | DRT-CNX-INC-CNX,3005361,1.3615198828786494e+36,83.20166498446743,3005361.0,0.01187624971768039,0,0.3396353342295696,True
4,"[4, 0, 4, 0, 4, 0, 3, 2]",DRT-RES-DRT-RES | DRT-RES-CNX-INC,1345873,5.477812311116948e+30,70.77825859777462,1345873.0,0.013931795219548604,0,0.20933499353321464,True
4,"[4, 0, 4, 0, 2, 3, 3, 2]",DRT-RES-DRT-RES | INC-CNX-CNX-INC,2180657,1.062952924852369e+33,76.04635888200148,2180657.0,0.012979198686488561,0,0.2654497494272827,True
4,"[4, 3, 3, 2, 2, 3, 3, 2]",DRT-CNX-CNX-INC | INC-CNX-CNX-INC,3779537,1.0654638873739642e+37,85.25905872010486,3779537.0,0.01159298530308359,0,inf,True
4,"[4, 4, 0, 0, 4, 0, 1, 3]",DRT-DRT-RES-RES | DRT-RES-DEN-CNX,1180833,1.4265375428206836e+30,69.43280299928225,1180833.0,0.014197929905049932,0,inf,True
4,"[4, 2, 4, 0, 4, 0, 2, 3]",DRT-INC-DRT-RES | DRT-RES-INC-CNX,1406481,1.3720369366862836e+32,73.99901942653378,1406481.0,0.013333507659784305,0,0.15994166835360474,True
4,"[4, 3, 3, 0, 2, 3, 3, 1]",DRT-CNX-CNX-RES | INC-CNX-CNX-DEN,2644785,1.2328253191278494e+35,80.7997867975083,2644785.0,0.012224970738315676,0,0.2884469189182247,True
4,"[4, 0, 4, 2, 4, 4, 3, 2]",DRT-RES-DRT-INC | DRT-DRT-CNX-INC,2377953,4.2434575871881e+33,77.43068647440988,2377953.0,0.012750111530979356,0,0.2340684169406584,True
4,"[4, 2, 2, 2, 2, 3, 0, 3]",DRT-INC-INC-INC | INC-CNX-RES-CNX,3450001,3.4178240293177956e+35,81.8194823546365,3450001.0,0.01207445363782833,1,inf,False
5,"[4, 3, 3, 2, 2, 3, 3, 3]",DRT-CNX-CNX-INC | INC-CNX-CNX-CNX,3783825,3.798882095944087e+37,86.53035527895318,3783825.0,0.011424608032414232,0,inf,True
5,"[4, 4, 0, 0, 4, 0, 1, 3]",DRT-DRT-RES-RES | DRT-RES-DEN-CNX,1180833,1.4265375428206836e+30,69.43280299928225,1180833.0,0.014197929905049932,0,inf,True
5,"[4, 2, 3, 2, 4, 3, 2, 3]",DRT-INC-CNX-INC | DRT-CNX-INC-CNX,3005361,1.3615198828786494e+36,83.20166498446743,3005361.0,0.01187624971768039,0,0.29951597993063694,True
5,"[4, 4, 4, 0, 2, 0, 3, 3]",DRT-DRT-DRT-RES | INC-RES-CNX-CNX,2100769,3.195905814749126e+33,77.14717862654524,2100769.0,0.012796367285105253,0,0.2593449196494725,True
5,"[4, 3, 3, 0, 2, 3, 3, 1]",DRT-CNX-CNX-RES | INC-CNX-CNX-DEN,2644785,1.2328253191278494e+35,80.7997867975083,2644785.0,0.012224970738315676,0,0.23834677244800273,True
5,"[4, 2, 2, 0, 4, 0, 2, 3]",DRT-INC-INC-RES | DRT-RES-INC-CNX,1497009,2.2009414362236774e+32,74.47160817019592,1497009.0,0.013250015790638796,0,0.2302040644905883,True
5,"[4, 2, 3, 2, 2, 3, 3, 2]",DRT-INC-CNX-INC | INC-CNX-CNX-INC,3718609,4.574150902380341e+36,84.4134844341801,3718609.0,0.01170775325025644,0,0.19977838696673456,True
5,"[4, 4, 0, 0, 4, 0, 3, 3]",DRT-DRT-RES-RES | DRT-RES-CNX-CNX,1203937,1.7531780692384846e+31,71.94156806330956,1203937.0,0.013709603817840206,0,0.19918996799640365,True
5,"[2, 3, 4, 2, 4, 4, 4, 2]",INC-CNX-DRT-INC | DRT-DRT-DRT-INC,2456209,9.942214184477128e+33,78.28209781964337,2456209.0,0.012613187939033502,0,0.1459320804843761,True
5,"[4, 2, 4, 0, 4, 0, 2, 3]",DRT-INC-DRT-RES | DRT-RES-INC-CNX,1406481,1.3720369366862836e+32,73.99901942653378,1406481.0,0.013333507659784305,0,0.1391539779726204,True
6,"[4, 3, 3, 2, 2, 3, 3, 3]",DRT-CNX-CNX-INC | INC-CNX-CNX-CNX,3783825,3.798882095944087e+37,86.53035527895318,3783825.0,0.011424608032414232,0,inf,True
6,"[2, 4, 0, 0, 4, 4, 1, 3]",INC-DRT-RES-RES | DRT-DRT-DEN-CNX,1082137,4.388479189421649e+30,70.55653553078922,1082137.0,0.013974963888095474,0,inf,True
6,"[4, 2, 3, 2, 4, 3, 2, 3]",DRT-INC-CNX-INC | DRT-CNX-INC-CNX,3005361,1.3615198828786494e+36,83.20166498446743,3005361.0,0.01187624971768039,0,0.31847404730022916,True
6,"[3, 3, 2, 2, 2, 3, 3, 3]",CNX-CNX-INC-INC | INC-CNX-CNX-CNX,3566969,2.6652267326711275e+37,86.17593757270396,3566969.0,0.011471055291673908,0,0.23261476626139918,True
6,"[4, 3, 3, 0, 2, 3, 3, 1]",DRT-CNX-CNX-RES | INC-CNX-CNX-DEN,2644785,1.2328253191278494e+35,80.7997867975083,2644785.0,0.012224970738315676,0,0.2230504300115541,True
6,"[4, 2, 3, 0, 4, 0, 2, 3]",DRT-INC-CNX-RES | DRT-RES-INC-CNX,1735601,2.6698983972023275e+32,74.6647633940153,1735601.0,0.013216191462763432,0,0.20067582665821224,True
6,"[4, 4, 4, 0, 2, 0, 3, 3]",DRT-DRT-DRT-RES | INC-RES-CNX-CNX,2100769,3.195905814749126e+33,77.14717862654524,2100769.0,0.012796367285105253,0,0.18183366557737926,True
6,"[4, 4, 0, 0, 4, 0, 3, 3]",DRT-DRT-RES-RES | DRT-RES-CNX-CNX,1203937,1.7531780692384846e+31,71.94156806330956,1203937.0,0.013709603817840206,0,0.15884363045441705,True
6,"[4, 2, 4, 0, 4, 0, 2, 3]",DRT-INC-DRT-RES | DRT-RES-INC-CNX,1406481,1.3720369366862836e+32,73.99901942653378,1406481.0,0.013333507659784305,0,0.14434140887479047,True
6,"[2, 3, 0, 2, 4, 3, 3, 2]",INC-CNX-RES-INC | DRT-CNX-CNX-INC,2559449,1.1287460529568168e+34,78.40900049071375,2559449.0,0.012593030938815834,0,0.11101006117691384,True
7,"[4, 3, 3, 2, 2, 3, 3, 3]",DRT-CNX-CNX-INC | INC-CNX-CNX-CNX,3783825,3.798882095944087e+37,86.53035527895318,3783825.0,0.011424608032414232,0,inf,True
7,"[2, 4, 0, 0, 4, 4, 1, 3]",INC-DRT-RES-RES | DRT-DRT-DEN-CNX,1082137,4.388479189421649e+30,70.55653553078922,1082137.0,0.013974963888095474,0,inf,True
7,"[4, 2, 3, 2, 4, 3, 2, 3]",DRT-INC-CNX-INC | DRT-CNX-INC-CNX,3005361,1.3615198828786494e+36,83.20166498446743,3005361.0,0.01187624971768039,0,0.31847404730022916,True
7,"[3, 3, 2, 2, 2, 3, 3, 3]",CNX-CNX-INC-INC | INC-CNX-CNX-CNX,3566969,2.6652267326711275e+37,86.17593757270396,3566969.0,0.011471055291673908,0,0.23261476626139918,True
7,"[4, 3, 3, 0, 2, 3, 3, 1]",DRT-CNX-CNX-RES | INC-CNX-CNX-DEN,2644785,1.2328253191278494e+35,80.7997867975083,2644785.0,0.012224970738315676,0,0.2230504300115541,True
7,"[4, 4, 0, 0, 4, 0, 3, 3]",DRT-DRT-RES-RES | DRT-RES-CNX-CNX,1203937,1.7531780692384846e+31,71.94156806330956,1203937.0,0.013709603817840206,0,0.1857843575579148,True
7,"[4, 2, 4, 0, 4, 0, 2, 3]",DRT-INC-DRT-RES | DRT-RES-INC-CNX,1406481,1.3720369366862836e+32,73.99901942653378,1406481.0,0.013333507659784305,0,0.27269834379957897,True
7,"[2, 3, 0, 2, 4, 3, 3, 2]",INC-CNX-RES-INC | DRT-CNX-CNX-INC,2559449,1.1287460529568168e+34,78.40900049071375,2559449.0,0.012593030938815834,0,0.2850225569677566,True
7,"[4, 2, 4, 0, 4, 3, 2, 3]",DRT-INC-DRT-RES | DRT-CNX-INC-CNX,1539601,8.642802593604792e+33,78.14203497328133,1539601.0,0.01263551032441362,0,0.3585504461691319,True
7,"[4, 4, 3, 2, 2, 0, 3, 3]",DRT-DRT-CNX-INC | INC-RES-CNX-CNX,3566529,5.042283670400608e+35,82.20833734345837,3566529.0,0.012018026461366585,1,inf,False
8,"[4, 3, 3, 2, 2, 3, 3, 3]",DRT-CNX-CNX-INC | INC-CNX-CNX-CNX,3783825,3.798882095944087e+37,86.53035527895318,3783825.0,0.011424608032414232,0,inf,True
8,"[2, 4, 0, 0, 4, 4, 1, 3]",INC-DRT-RES-RES | DRT-DRT-DEN-CNX,1082137,4.388479189421649e+30,70.55653553078922,1082137.0,0.013974963888095474,0,inf,True
8,"[3, 3, 2, 2, 2, 3, 3, 3]",CNX-CNX-INC-INC | INC-CNX-CNX-CNX,3566969,2.6652267326711275e+37,86.17593757270396,3566969.0,0.011471055291673908,0,0.27577015619224954,True
8,"[4, 4, 0, 0, 4, 0, 3, 3]",DRT-DRT-RES-RES | DRT-RES-CNX-CNX,1203937,1.7531780692384846e+31,71.94156806330956,1203937.0,0.013709603817840206,0,0.1857843575579148,True
8,"[4, 2, 4, 0, 4, 0, 2, 3]",DRT-INC-DRT-RES | DRT-RES-INC-CNX,1406481,1.3720369366862836e+32,73.99901942653378,1406481.0,0.013333507659784305,0,0.27269834379957897,True
8,"[4, 2, 4, 0, 4, 3, 2, 3]",DRT-INC-DRT-RES | DRT-CNX-INC-CNX,1539601,8.642802593604792e+33,78.14203497328133,1539601.0,0.01263551032441362,0,0.4001983942809251,True
8,"[3, 3, 4, 2, 4, 3, 2, 3]",CNX-CNX-DRT-INC | DRT-CNX-INC-CNX,2758905,1.4881247127291993e+36,83.2905800930025,2758905.0,0.011863721887981363,0,0.3647777854884168,True
8,"[4, 2, 2, 0, 2, 3, 3, 3]",DRT-INC-INC-RES | INC-CNX-CNX-CNX,2347665,1.6599278142930775e+35,81.09725237084892,2347665.0,0.01218067561485261,0,0.3769659107484796,True
8,"[4, 2, 3, 2, 4, 3, 2, 3]",DRT-INC-CNX-INC | DRT-CNX-INC-CNX,3005361,1.3615198828786494e+36,83.20166498446743,3005361.0,0.01187624971768039,1,inf,False
8,"[1, 4, 0, 0, 4, 4, 3, 1]",DEN-DRT-RES-RES | DRT-DRT-CNX-DEN,1095609,2.693837981575925e+30,70.06851972553181,1095609.0,0.014070927660545372,1,inf,False
9,"[4, 3, 3, 2, 2, 3, 3, 3]",DRT-CNX-CNX-INC | INC-CNX-CNX-CNX,3783825,3.798882095944087e+37,86.53035527895318,3783825.0,0.011424608032414232,0,inf,True
9,"[4, 4, 0, 0, 4, 4, 4, 1]",DRT-DRT-RES-RES | DRT-DRT-DRT-DEN,1036249,5.079047664544387e+30,70.70267656622813,1036249.0,0.013946480771556004,0,inf,True
9,"[4, 2, 4, 0, 4, 0, 2, 3]",DRT-INC-DRT-RES | DRT-RES-INC-CNX,1406481,1.3720369366862836e+32,73.99901942653378,1406481.0,0.013333507659784305,0,0.2582159970469572,True
9,"[4, 2, 2, 0, 2, 3, 3, 3]",DRT-INC-INC-RES | INC-CNX-CNX-CNX,2347665,1.6599278142930775e+35,81.09725237084892,2347665.0,0.01218067561485261,0,0.23902644480428242,True
9,"[4, 2, 2, 0, 4, 2, 3, 3]",DRT-INC-INC-RES | DRT-INC-CNX-CNX,1585073,2.2266051142334355e+34,79.08837121698758,1585073.0,0.012486207233390327,0,0.23722831172742304,True
9,"[3, 3, 4, 2, 2, 3, 2, 3]",CNX-CNX-DRT-INC | INC-CNX-INC-CNX,3460569,8.059825472249944e+36,84.97995525050274,3460569.0,0.01163061782349733,0,0.22490252853292447,True
9,"[3, 3, 4, 2, 4, 3, 2, 3]",CNX-CNX-DRT-INC | DRT-CNX-INC-CNX,2758905,1.4881247127291993e+36,83.2905800930025,2758905.0,0.011863721887981363,0,0.20767077575953657,True
9,"[4, 2, 4, 0, 4, 3, 2, 3]",DRT-INC-DRT-RES | DRT-CNX-INC-CNX,1539601,8.642802593604792e+33,78.14203497328133,1539601.0,0.01263551032441362,0,0.20049024181265926,True
9,"[2, 4, 0, 0, 4, 4, 3, 3]",INC-DRT-RES-RES | DRT-DRT-CNX-CNX,1105241,4.390445363569572e+31,72.85956855431711,1105241.0,0.01353920716805419,0,0.18890562956657736,True
9,"[3, 3, 4, 2, 4, 4, 2, 3]",CNX-CNX-DRT-INC | DRT-DRT-INC-CNX,2521225,2.187439945210409e+35,81.37321014004627,2521225.0,0.012139869240252463,0,0.1039113269804671,True
10,"[4, 4, 0, 0, 4, 4, 4, 1]",DRT-DRT-RES-RES | DRT-DRT-DRT-DEN,1036249,5.079047664544387e+30,70.70267656622813,1036249.0,0.013946480771556004,0,inf,True
10,"[4, 3, 3, 2, 2, 3, 3, 3]",DRT-CNX-CNX-INC | INC-CNX-CNX-CNX,3783825,3.798882095944087e+37,86.53035527895318,3783825.0,0.011424608032414232,0,inf,True
10,"[3, 3, 4, 2, 4, 3, 2, 3]",CNX-CNX-DRT-INC | DRT-CNX-INC-CNX,2758905,1.4881247127291993e+36,83.2905800930025,2758905.0,0.011863721887981363,0,0.2719074086185305,True
10,"[4, 2, 4, 0, 4, 0, 2, 3]",DRT-INC-DRT-RES | DRT-RES-INC-CNX,1406481,1.3720369366862836e+32,73.99901942653378,1406481.0,0.013333507659784305,0,0.2582159970469572,True
10,"[3, 3, 4, 2, 2, 3, 2, 3]",CNX-CNX-DRT-INC | INC-CNX-INC-CNX,3460569,8.059825472249944e+36,84.97995525050274,3460569.0,0.01163061782349733,0,0.2450184995506044,True
10,"[3, 4, 4, 4, 4, 4, 2, 3]",CNX-DRT-DRT-DRT | DRT-DRT-INC-CNX,2079865,7.025671776751676e+34,80.2374639990293,2079865.0,0.012309591545249972,0,0.20075915742005623,True
10,"[4, 2, 4, 0, 4, 3, 2, 3]",DRT-INC-DRT-RES | DRT-CNX-INC-CNX,1539601,8.642802593604792e+33,78.14203497328133,1539601.0,0.01263551032441362,0,0.19908283507541236,True
10,"[2, 4, 0, 0, 4, 4, 3, 3]",INC-DRT-RES-RES | DRT-DRT-CNX-CNX,1105241,4.390445363569572e+31,72.85956855431711,1105241.0,0.01353920716805419,0,0.18890562956657736,True
10,"[4, 2, 4, 0, 4, 3, 3, 3]",DRT-INC-DRT-RES | DRT-CNX-CNX-CNX,1555473,2.5330304456774575e+34,79.21730955235697,1555473.0,0.012466137365867536,0,0.16293488293131903,True
10,"[3, 3, 4, 2, 4, 4, 2, 3]",CNX-CNX-DRT-INC | DRT-DRT-INC-CNX,2521225,2.187439945210409e+35,81.37321014004627,2521225.0,0.012139869240252463,0,0.13767781833853227,True
