first_generation,chromosome,blocks,params,synflow_raw,synflow_log,f1_params,f2_synflow,eval_seconds
0,"[4, 3, 3, 0, 4, 0, 1, 2]",DRT-CNX-CNX-RES | DRT-RES-DEN-INC,1785009,4.169883848498017e+31,72.80802606416098,1785009.0,0.013548662026683988,4.044
0,"[3, 0, 4, 4, 4, 0, 1, 1]",CNX-RES-DRT-DRT | DRT-RES-DEN-DEN,2125849,1.5291416502257603e+31,71.80484444786879,2125849.0,0.01373534972272402,4.224
0,"[3, 4, 1, 1, 3, 0, 3, 0]",CNX-DRT-DEN-DEN | CNX-RES-CNX-RES,2237225,2.521529999055664e+30,70.00241864959068,2237225.0,0.014084027263003172,2.164
0,"[3, 3, 0, 0, 3, 1, 1, 2]",CNX-CNX-RES-RES | CNX-DEN-DEN-INC,2242169,7.720108168230814e+30,71.12138116518875,2242169.0,0.013865513719289057,3.614
0,"[1, 4, 2, 1, 3, 3, 0, 2]",DEN-DRT-INC-DEN | CNX-CNX-RES-INC,2570537,7.3594690220856335e+31,73.37612566921536,2570537.0,0.013445174657893008,3.694
0,"[0, 2, 2, 4, 2, 2, 4, 1]",RES-INC-INC-DRT | INC-INC-DRT-DEN,2990497,2.664395261008382e+33,76.96528518172512,2990497.0,0.01282622128129402,4.531
0,"[2, 3, 3, 4, 0, 2, 2, 3]",INC-CNX-CNX-DRT | RES-INC-INC-CNX,3070009,2.19230478764241e+34,79.0728465666747,3070009.0,0.012488628079024573,4.041
0,"[2, 3, 4, 2, 1, 2, 4, 0]",INC-CNX-DRT-INC | DEN-INC-DRT-RES,3077025,5.088804634252861e+32,75.30976593286846,3077025.0,0.013104482601607298,2.928
0,"[0, 2, 2, 2, 0, 3, 4, 3]",RES-INC-INC-INC | RES-CNX-DRT-CNX,3125313,1.5644014245247572e+33,76.43281134329088,3125313.0,0.01291442196986232,1.71
0,"[0, 2, 2, 3, 3, 3, 2, 3]",RES-INC-INC-CNX | CNX-CNX-INC-CNX,4638585,2.5059583765503112e+35,81.5091495016105,4638585.0,0.012119867990888464,4.298
1,"[3, 3, 0, 1, 0, 2, 2, 3]",CNX-CNX-RES-DEN | RES-INC-INC-CNX,1829625,1.1759927741445942e+31,71.54225058783811,1829625.0,0.013785069968144227,3.061
1,"[3, 0, 4, 4, 4, 0, 3, 1]",CNX-RES-DRT-DRT | DRT-RES-CNX-DEN,2148953,2.075994359612409e+32,74.4131632241597,2148953.0,0.013260284507992041,3.263
1,"[3, 4, 1, 1, 3, 0, 1, 0]",CNX-DRT-DEN-DEN | CNX-RES-DEN-RES,2214121,2.204343317833408e+29,67.5653973463289,2214121.0,0.014584616128583432,2.311
1,"[0, 2, 2, 4, 4, 0, 1, 3]",RES-INC-INC-DRT | DRT-RES-DEN-CNX,2256665,7.222035072479738e+31,73.35727466199782,2256665.0,0.013448583269702264,2.368
1,"[0, 3, 2, 0, 3, 1, 1, 3]",RES-CNX-INC-RES | CNX-DEN-DEN-CNX,2497849,4.225948538653752e+31,72.82138162461705,2497849.0,0.013546210840173876,3.072
1,"[4, 2, 2, 2, 4, 3, 1, 2]",DRT-INC-INC-INC | DRT-CNX-DEN-INC,2755249,6.917387841462233e+34,80.2219313806063,2755249.0,0.012311945591566837,3.002
1,"[3, 3, 0, 4, 3, 1, 1, 2]",CNX-CNX-RES-DRT | CNX-DEN-DEN-INC,3021625,2.528433433344696e+32,74.61032289046125,3021625.0,0.013225707307833184,3.279
1,"[0, 3, 2, 2, 0, 0, 4, 3]",RES-CNX-INC-INC | RES-RES-DRT-CNX,3053121,6.532180839200075e+31,73.25687874265984,3053121.0,0.013466765866439656,2.49
1,"[3, 2, 2, 3, 0, 4, 2, 2]",CNX-INC-INC-CNX | RES-DRT-INC-INC,3906633,3.897715531509685e+33,77.34569868916266,3906633.0,0.012763942586912269,2.887
1,"[3, 0, 4, 3, 3, 4, 2, 2]",CNX-RES-DRT-CNX | CNX-DRT-INC-INC,4268201,1.0417534436972963e+34,78.32879845879746,4268201.0,0.012605762590988811,3.457
2,"[4, 0, 4, 0, 4, 0, 3, 2]",DRT-RES-DRT-RES | DRT-RES-CNX-INC,1345873,5.477812311116948e+30,70.77825859777462,1345873.0,0.013931795219548604,2.63
2,"[4, 2, 2, 0, 4, 0, 2, 3]",DRT-INC-INC-RES | DRT-RES-INC-CNX,1497009,2.2009414362236774e+32,74.47160817019592,1497009.0,0.013250015790638796,4.604
2,"[3, 3, 3, 0, 4, 0, 1, 1]",CNX-CNX-CNX-RES | DRT-RES-DEN-DEN,1808633,4.805308713132316e+31,72.94985917148442,1808633.0,0.013522676191729746,4.542
2,"[0, 4, 2, 2, 4, 3, 2, 3]",RES-DRT-INC-INC | DRT-CNX-INC-CNX,2730953,2.8991197322585215e+34,79.3523003121117,2730953.0,0.012445194426490707,3.135
2,"[2, 3, 2, 4, 0, 2, 1, 2]",INC-CNX-INC-DRT | RES-INC-DEN-INC,2819897,9.502891979624578e+32,75.93431914699778,2819897.0,0.012998100341790353,3.969
2,"[4, 2, 3, 2, 4, 3, 2, 3]",DRT-INC-CNX-INC | DRT-CNX-INC-CNX,3005361,1.3615198828786494e+36,83.20166498446743,3005361.0,0.01187624971768039,3.655
2,"[0, 0, 2, 4, 3, 3, 2, 3]",RES-RES-INC-DRT | CNX-CNX-INC-CNX,3265081,3.5079583800857975e+33,77.24034227895737,3265081.0,0.012781130180062474,3.107
2,"[1, 4, 3, 3, 0, 2, 0, 2]",DEN-DRT-CNX-CNX | RES-INC-RES-INC,4257193,1.408681671367857e+32,74.02537725798307,4257193.0,0.01332882334681756,4.494
2,"[1, 0, 0, 3, 3, 3, 1, 2]",DEN-RES-RES-CNX | CNX-CNX-DEN-INC,4280377,3.8656604147796534e+31,72.73227042083496,4280377.0,0.013562582493288096,3.477
2,"[4, 2, 2, 3, 3, 3, 1, 2]",DRT-INC-INC-CNX | CNX-CNX-DEN-INC,4639633,4.645193057859514e+35,82.12631118870382,4639633.0,0.012029885432181812,4.63
3,"[4, 4, 0, 0, 4, 0, 1, 3]",DRT-DRT-RES-RES | DRT-RES-DEN-CNX,1180833,1.4265375428206836e+30,69.43280299928225,1180833.0,0.014197929905049932,3.039
3,"[4, 2, 4, 0, 4, 0, 2, 3]",DRT-INC-DRT-RES | DRT-RES-INC-CNX,1406481,1.3720369366862836e+32,73.99901942653378,1406481.0,0.013333507659784305,3.839
3,"[4, 0, 2, 0, 4, 0, 3, 2]",DRT-RES-INC-RES | DRT-RES-CNX-INC,1436401,5.106916514518688e+30,70.70814859008847,1436401.0,0.013945416520462507,2.137
3,"[3, 3, 2, 0, 4, 0, 1, 2]",CNX-CNX-INC-RES | DRT-RES-DEN-INC,1568153,2.986720963025906e+31,72.47431400055346,1568153.0,0.01361019852451385,2.926
3,"[4, 2, 3, 0, 4, 0, 2, 1]",DRT-INC-CNX-RES | DRT-RES-INC-DEN,1733201,8.326200788445295e+31,73.49954514713279,1733201.0,0.013422900744226708,2.642
3,"[4, 0, 4, 0, 2, 3, 3, 2]",DRT-RES-DRT-RES | INC-CNX-CNX-INC,2180657,1.062952924852369e+33,76.04635888200148,2180657.0,0.012979198686488561,2.597
3,"[4, 0, 3, 2, 4, 0, 2, 3]",DRT-RES-CNX-INC | DRT-RES-INC-CNX,2800049,1.323445912452485e+33,76.26554694359828,2800049.0,0.012942379101127343,2.456
3,"[0, 4, 2, 2, 2, 3, 2, 3]",RES-DRT-INC-INC | INC-CNX-INC-CNX,3432617,1.4909173393118842e+35,80.98986984927336,3432617.0,0.012196628703501505,3.159
3,"[4, 3, 3, 2, 2, 3, 3, 2]",DRT-CNX-CNX-INC | INC-CNX-CNX-INC,3779537,1.0654638873739642e+37,85.25905872010486,3779537.0,0.01159298530308359,2.538
3,"[4, 2, 0, 3, 3, 3, 1, 2]",DRT-INC-RES-CNX | CNX-CNX-DEN-INC,4353937,1.0748302718034874e+34,78.36005592421733,4353937.0,0.012600797571953856,2.482
4,"[4, 0, 4, 0, 4, 2, 3, 2]",DRT-RES-DRT-RES | DRT-INC-CNX-INC,1418065,1.1670470971334679e+32,73.83719968574039,1418065.0,0.013362338572250743,3.263
4,"[4, 2, 2, 0, 4, 0, 1, 2]",DRT-INC-INC-RES | DRT-RES-DEN-INC,1485489,1.354157385975515e+31,71.68331728834622,1485489.0,0.013758315350864378,4.366
4,"[1, 4, 0, 0, 2, 3, 3, 4]",DEN-DRT-RES-RES | INC-CNX-CNX-DRT,2021517,6.78246474798589e+31,73.29447845085723,2021517.0,0.01345995046807495,3.378
4,"[4, 0, 3, 0, 2, 0, 3, 2]",DRT-RES-CNX-RES | INC-RES-CNX-INC,2376657,5.199738557750577e+31,73.0287462297832,2376657.0,0.013508266057836877,4.408
4,"[4, 0, 4, 2, 4, 4, 3, 2]",DRT-RES-DRT-INC | DRT-DRT-CNX-INC,2377953,4.2434575871881e+33,77.43068647440988,2377953.0,0.012750111530979356,2.287
4,"[4, 3, 3, 0, 2, 3, 3, 1]",DRT-CNX-CNX-RES | INC-CNX-CNX-DEN,2644785,1.2328253191278494e+35,80.7997867975083,2644785.0,0.012224970738315676,4.698
4,"[4, 0, 2, 2, 4, 3, 3, 2]",DRT-RES-INC-INC | DRT-CNX-CNX-INC,2706161,3.2848526277526877e+34,79.47721495055205,2706161.0,0.012425877319616915,2.527
4,"[4, 3, 3, 2, 4, 3, 4, 2]",DRT-CNX-CNX-INC | DRT-CNX-DRT-INC,3017145,3.378057096403457e+35,81.80777897546285,3017145.0,0.012076160143074414,2.856
4,"[4, 0, 4, 3, 4, 0, 1, 3]",DRT-RES-DRT-CNX | DRT-RES-DEN-CNX,3407825,1.730538402278757e+32,74.23115555109177,3407825.0,0.01329236527971273,3.322
4,"[4, 2, 2, 2, 2, 3, 0, 3]",DRT-INC-INC-INC | INC-CNX-RES-CNX,3450001,3.4178240293177956e+35,81.8194823546365,3450001.0,0.01207445363782833,4.008
5,"[4, 4, 0, 0, 4, 0, 3, 3]",DRT-DRT-RES-RES | DRT-RES-CNX-CNX,1203937,1.7531780692384846e+31,71.94156806330956,1203937.0,0.013709603817840206,2.987
5,"[4, 0, 0, 1, 4, 3, 1, 2]",DRT-RES-RES-DEN | DRT-CNX-DEN-INC,1308209,3.615845724787973e+29,68.060293473842,1308209.0,0.014480100643921684,5.685
5,"[4, 4, 4, 0, 2, 0, 3, 3]",DRT-DRT-DRT-RES | INC-RES-CNX-CNX,2100769,3.195905814749126e+33,77.14717862654524,2100769.0,0.012796367285105253,3.59
5,"[2, 3, 4, 2, 4, 4, 4, 2]",INC-CNX-DRT-INC | DRT-DRT-DRT-INC,2456209,9.942214184477128e+33,78.28209781964337,2456209.0,0.012613187939033502,4.68
5,"[4, 1, 1, 2, 4, 3, 2, 3]",DRT-DEN-DEN-INC | DRT-CNX-INC-CNX,2461233,1.4907781889832397e+33,76.38460632690843,2461233.0,0.012922466721295147,3.661
5,"[0, 0, 3, 0, 3, 3, 3, 1]",RES-RES-CNX-RES | CNX-CNX-CNX-DEN,2737689,9.455675970253438e+31,73.62675307578685,2737689.0,0.013400020217742217,5.741
5,"[2, 3, 0, 2, 1, 4, 3, 1]",INC-CNX-RES-INC | DEN-DRT-CNX-DEN,2772521,1.590649507538459e+32,74.14686540393731,2772521.0,0.013307274955844068,4.42
5,"[4, 2, 2, 2, 2, 0, 0, 3]",DRT-INC-INC-INC | INC-RES-RES-CNX,3316881,7.131936367331794e+33,77.9498908466294,3316881.0,0.012666261970426687,3.396
5,"[4, 2, 3, 2, 2, 3, 3, 2]",DRT-INC-CNX-INC | INC-CNX-CNX-INC,3718609,4.574150902380341e+36,84.4134844341801,3718609.0,0.01170775325025644,4.609
5,"[4, 3, 3, 2, 2, 3, 3, 3]",DRT-CNX-CNX-INC | INC-CNX-CNX-CNX,3783825,3.798882095944087e+37,86.53035527895318,3783825.0,0.011424608032414232,3.909
6,"[2, 4, 0, 0, 4, 4, 1, 3]",INC-DRT-RES-RES | DRT-DRT-DEN-CNX,1082137,4.388479189421649e+30,70.55653553078922,1082137.0,0.013974963888095474,2.962
6,"[4, 4, 0, 0, 4, 0, 2, 3]",DRT-DRT-RES-RES | DRT-RES-INC-CNX,1188065,5.318079130397139e+30,70.74866496226018,1188065.0,0.013937541562982396,2.235
6,"[4, 2, 0, 0, 4, 0, 1, 3]",DRT-INC-RES-RES | DRT-RES-DEN-CNX,1204081,1.313949600546744e+30,69.3505903533999,1204081.0,0.014214521796854717,2.355
6,"[4, 2, 3, 0, 4, 0, 2, 3]",DRT-INC-CNX-RES | DRT-RES-INC-CNX,1735601,2.6698983972023275e+32,74.6647633940153,1735601.0,0.013216191462763432,3.089
6,"[4, 3, 0, 0, 2, 3, 3, 3]",DRT-CNX-RES-RES | INC-CNX-CNX-CNX,2122897,7.683966507522821e+33,78.02444395497086,2122897.0,0.01265431238680797,2.276
6,"[2, 3, 0, 2, 4, 3, 3, 2]",INC-CNX-RES-INC | DRT-CNX-CNX-INC,2559449,1.1287460529568168e+34,78.40900049071375,2559449.0,0.012593030938815834,3.234
6,"[4, 3, 4, 2, 2, 4, 4, 3]",DRT-CNX-DRT-INC | INC-DRT-DRT-CNX,3156297,7.242557904189257e+35,82.57045270047648,3156297.0,0.011965951693286668,2.459
6,"[3, 3, 2, 2, 2, 3, 3, 3]",CNX-CNX-INC-INC | INC-CNX-CNX-CNX,3566969,2.6652267326711275e+37,86.17593757270396,3566969.0,0.011471055291673908,3.582
6,"[4, 2, 3, 2, 2, 2, 3, 2]",DRT-INC-CNX-INC | INC-INC-CNX-INC,3657681,2.5037675461101383e+36,83.81085996369114,3657681.0,0.01179094281590961,3.43
6,"[4, 3, 3, 3, 2, 3, 3, 1]",DRT-CNX-CNX-CNX | INC-CNX-CNX-DEN,4725553,1.0855952959747715e+37,85.2777769371979,4725553.0,0.011590470170875009,3.03
7,"[2, 4, 0, 1, 4, 4, 1, 3]",INC-DRT-RES-DEN | DRT-DRT-DEN-CNX,1129625,2.2441026322838014e+30,69.8858585127478,1129625.0,0.014107186129658913,3.143
7,"[3, 3, 0, 0, 4, 3, 3, 0]",CNX-CNX-RES-RES | DRT-CNX-CNX-RES,1433881,7.939770750673232e+31,73.45202228494645,1433881.0,0.013431468606356328,3.396
7,"[4, 2, 4, 0, 4, 3, 2, 3]",DRT-INC-DRT-RES | DRT-CNX-INC-CNX,1539601,8.642802593604792e+33,78.14203497328133,1539601.0,0.01263551032441362,3.786
7,"[4, 0, 3, 0, 4, 4, 2, 3]",DRT-RES-CNX-RES | DRT-DRT-INC-CNX,1558849,1.1947529480233618e+32,73.86066240176392,1558849.0,0.01335815056822737,3.119
7,"[2, 4, 3, 0, 4, 4, 1, 3]",INC-DRT-CNX-RES | DRT-DRT-DEN-CNX,1606425,2.848383883974255e+32,74.72947475099704,1606425.0,0.01320489813626806,2.305
7,"[4, 3, 2, 0, 1, 3, 3, 0]",DRT-CNX-INC-RES | DEN-CNX-CNX-RES,2146705,2.940109429382544e+32,74.76116977734578,2146705.0,0.013199373807702497,3.284
7,"[3, 0, 0, 2, 2, 0, 0, 3]",CNX-RES-RES-INC | INC-RES-RES-CNX,2980729,6.993625670332988e+30,71.0225519054879,2980729.0,0.01388453996065367,2.462
7,"[4, 3, 0, 2, 2, 0, 3, 0]",DRT-CNX-RES-INC | INC-RES-CNX-RES,3117329,5.5069244758487845e+32,75.38872927178636,3117329.0,0.013090936444852513,3.1
7,"[0, 0, 2, 2, 2, 1, 3, 3]",RES-RES-INC-INC | INC-DEN-CNX-CNX,3285881,5.43903128426436e+32,75.37632394807495,3285881.0,0.013093062722943537,3.245
7,"[4, 4, 3, 2, 2, 0, 3, 3]",DRT-DRT-CNX-INC | INC-RES-CNX-CNX,3566529,5.042283670400608e+35,82.20833734345837,3566529.0,0.012018026461366585,4.078
8,"[1, 4, 0, 0, 4, 4, 3, 1]",DEN-DRT-RES-RES | DRT-DRT-CNX-DEN,1095609,2.693837981575925e+30,70.06851972553181,1095609.0,0.014070927660545372,3.467
8,"[0, 0, 3, 0, 2, 4, 1, 3]",RES-RES-CNX-RES | INC-DRT-DEN-CNX,2240713,3.896576113979057e+30,70.43765103786741,2240713.0,0.013998220622762689,2.21
8,"[4, 2, 2, 0, 2, 3, 3, 3]",DRT-INC-INC-RES | INC-CNX-CNX-CNX,2347665,1.6599278142930775e+35,81.09725237084892,2347665.0,0.01218067561485261,2.522
8,"[4, 2, 4, 0, 3, 3, 2, 3]",DRT-INC-DRT-RES | CNX-CNX-INC-CNX,2479857,6.681331927575753e+34,80.18721051982614,2479857.0,0.012317210969525764,3.544
8,"[2, 4, 3, 0, 2, 2, 3, 3]",INC-DRT-CNX-RES | INC-INC-CNX-CNX,2507945,5.029727464847521e+34,79.90325896250245,2507945.0,0.012360441505372315,4.246
8,"[2, 3, 0, 2, 4, 3, 3, 3]",INC-CNX-RES-INC | DRT-CNX-CNX-CNX,2563737,4.431797489873245e+34,79.77669841748046,2563737.0,0.0123798077860483,3.294
8,"[3, 3, 4, 2, 4, 3, 2, 3]",CNX-CNX-DRT-INC | DRT-CNX-INC-CNX,2758905,1.4881247127291993e+36,83.2905800930025,2758905.0,0.011863721887981363,2.67
8,"[4, 4, 3, 2, 2, 0, 2, 3]",DRT-DRT-CNX-INC | INC-RES-INC-CNX,3550657,1.4576912382689132e+35,80.96733209521685,3550657.0,0.01219998229097363,2.556
8,"[4, 0, 3, 2, 2, 3, 3, 2]",DRT-RES-CNX-INC | INC-CNX-CNX-INC,3646417,2.0018792964953713e+35,81.28456464240617,3646417.0,0.012152947570979067,3.432
9,"[4, 4, 0, 0, 4, 4, 4, 1]",DRT-DRT-RES-RES | DRT-DRT-DRT-DEN,1036249,5.079047664544387e+30,70.70267656622813,1036249.0,0.013946480771556004,2.116
9,"[2, 4, 0, 0, 4, 4, 3, 3]",INC-DRT-RES-RES | DRT-DRT-CNX-CNX,1105241,4.390445363569572e+31,72.85956855431711,1105241.0,0.01353920716805419,2.857
9,"[4, 2, 2, 0, 4, 2, 3, 3]",DRT-INC-INC-RES | DRT-INC-CNX-CNX,1585073,2.2266051142334355e+34,79.08837121698758,1585073.0,0.012486207233390327,3.201
9,"[4, 2, 3, 0, 2, 4, 3, 1]",DRT-INC-CNX-RES | INC-DRT-CNX-DEN,2346177,6.452752836126914e+33,77.8498149048583,2346177.0,0.012682337951035384,3.364
9,"[1, 4, 0, 2, 4, 3, 3, 1]",DEN-DRT-RES-INC | DRT-CNX-CNX-DEN,2469929,1.3595456492414891e+33,76.29245863129375,2469929.0,0.012937872823664136,3.756
9,"[3, 3, 4, 2, 4, 4, 2, 3]",CNX-CNX-DRT-INC | DRT-DRT-INC-CNX,2521225,2.187439945210409e+35,81.37321014004627,2521225.0,0.012139869240252463,4.946
9,"[3, 3, 4, 2, 4, 2, 2, 3]",CNX-CNX-DRT-INC | DRT-INC-INC-CNX,2697977,6.653595047276983e+35,82.48563557199626,2697977.0,0.011978108487149518,4.53
9,"[4, 2, 2, 2, 2, 1, 3, 3]",DRT-INC-INC-INC | INC-DEN-CNX-CNX,3370641,4.290898524296158e+35,82.0469744120236,3370641.0,0.012041377871741216,4.003
9,"[3, 3, 4, 2, 2, 3, 2, 3]",CNX-CNX-DRT-INC | INC-CNX-INC-CNX,3460569,8.059825472249944e+36,84.97995525050274,3460569.0,0.01163061782349733,3.731
9,"[4, 3, 3, 3, 2, 4, 3, 3]",DRT-CNX-CNX-CNX | INC-DRT-CNX-CNX,4490273,9.958594504411985e+36,85.19149929540977,4490273.0,0.01160207222492597,4.358
10,"[4, 2, 4, 0, 4, 3, 3, 3]",DRT-INC-DRT-RES | DRT-CNX-CNX-CNX,1555473,2.5330304456774575e+34,79.21730955235697,1555473.0,0.012466137365867536,3.694
10,"[4, 3, 4, 0, 4, 3, 2, 3]",DRT-CNX-DRT-RES | DRT-CNX-INC-CNX,1600529,1.6797810414960019e+34,78.80655661427585,1600529.0,0.012530298792782639,3.201
10,"[1, 3, 0, 0, 2, 4, 3, 3]",DEN-CNX-RES-RES | INC-DRT-CNX-CNX,1883849,8.338375440853507e+31,73.50100628894722,1883849.0,0.013422637489238281,2.283
10,"[3, 4, 4, 4, 4, 4, 2, 3]",CNX-DRT-DRT-DRT | DRT-DRT-INC-CNX,2079865,7.025671776751676e+34,80.2374639990293,2079865.0,0.012309591545249972,2.541
10,"[4, 3, 0, 0, 3, 3, 4, 3]",DRT-CNX-RES-RES | CNX-CNX-DRT-CNX,2300761,1.8932452297719812e+33,76.6236004782146,2300761.0,0.012882679930321633,2.511
10,"[4, 2, 2, 0, 2, 3, 2, 3]",DRT-INC-INC-RES | INC-CNX-INC-CNX,2331793,4.871630956205156e+34,79.87132194143079,2331793.0,0.012365322786787473,2.773
10,"[3, 3, 2, 2, 4, 0, 2, 3]",CNX-CNX-INC-INC | DRT-RES-INC-CNX,2716313,4.154420104452602e+34,79.71206601464938,2716313.0,0.012389721257023681,2.537
10,"[4, 4, 0, 3, 4, 4, 4, 3]",DRT-DRT-RES-CNX | DRT-DRT-DRT-CNX,3119417,2.5415824894378752e+33,76.91809498317075,3119417.0,0.012833989334775016,1.99
10,"[3, 1, 4, 2, 2, 3, 3, 3]",CNX-DEN-DRT-INC | INC-CNX-CNX-CNX,3362777,5.422840759967147e+35,82.28109805839257,3362777.0,0.012007526597438109,2.816
10,"[4, 3, 3, 2, 2, 3, 2, 3]",DRT-CNX-CNX-INC | INC-CNX-INC-CNX,3767953,1.4246761508143512e+37,85.54959296608583,3767953.0,0.011554069357574526,2.546
